brokenUrl,statusCode,error,referrerCount,referrers
"https://1000freetools.com/math-tools/square-area-calculator","404",,"1","https://1000freetools.com/math-tools/square-root-calculator"
"https://1000freetools.com/unit-converters/area-converter","404",,"1","https://1000freetools.com/math-tools/surface-area-calculator"
"https://1000freetools.com/unit-converters/volume-converter","404",,"1","https://1000freetools.com/math-tools/volume-calculator"
"https://1000freetools.com/math-tools/distance-formula-calculator","404",,"1","https://1000freetools.com/math-tools/coordinate-geometry-calculator"
"https://1000freetools.com/color-tools/favorite-colors","404",,"1","https://1000freetools.com/color-tools/color-picker"
"https://1000freetools.com/math-tools/multiplication-table-generator","404",,"1","https://1000freetools.com/math-tools"
"https://1000freetools.com/math-tools/equation-balancer-simple","404",,"1","https://1000freetools.com/math-tools"
"https://1000freetools.com/unit-converters/length-converter","404",,"2","https://1000freetools.com/math-tools/area-calculator | https://1000freetools.com/math-tools/perimeter-calculator"
"https://1000freetools.com/math-tools/triangle-area-calculator","404",,"2","https://1000freetools.com/calculators/pythagorean-theorem-calculator | https://1000freetools.com/math-tools/angle-calculator"
